score,file,issues,path
21,data/entries/L5_community_knowledge/l4-community-resource-allocation.md,"21 table lines (renders as pipe characters) | 1 lines with italic (*text* — no italic font) | 737 content lines (max 150, ~67 cards)",/home/eanhd/projects/field-node-firmware/data/entries/L5_community_knowledge/l4-community-resource-allocation.md
20,data/entries/L2_food_biology/l2-regional-southeast-hazards.md,"title 29 chars (max 25): ""Southeast US Regional Hazards"" | 45 table lines (renders as pipe characters) | 658 content lines (max 150, ~59 cards)",/home/eanhd/projects/field-node-firmware/data/entries/L2_food_biology/l2-regional-southeast-hazards.md
20,data/entries/L3_materials_technology/l3-tech-digital-radio.md,"46 table lines (renders as pipe characters) | 795 content lines (max 150, ~72 cards)",/home/eanhd/projects/field-node-firmware/data/entries/L3_materials_technology/l3-tech-digital-radio.md
20,data/entries/L3_materials_technology/l3-tech-vehicle-maintenance.md,"title 26 chars (max 25): ""Vehicle Maintenance Basics"" | 28 table lines (renders as pipe characters) | 687 content lines (max 150, ~62 cards)",/home/eanhd/projects/field-node-firmware/data/entries/L3_materials_technology/l3-tech-vehicle-maintenance.md
20,data/entries/L5_community_knowledge/l4-community-long-term-morale.md,"24 table lines (renders as pipe characters) | 793 content lines (max 150, ~72 cards)",/home/eanhd/projects/field-node-firmware/data/entries/L5_community_knowledge/l4-community-long-term-morale.md
19,data/entries/L2_food_biology/l2-regional-northeast-hazards.md,"title 29 chars (max 25): ""Northeast US Regional Hazards"" | 34 table lines (renders as pipe characters) | 610 content lines (max 150, ~55 cards)",/home/eanhd/projects/field-node-firmware/data/entries/L2_food_biology/l2-regional-northeast-hazards.md
18,data/entries/L2_food_biology/l2-regional-alaska-overview.md,"title 30 chars (max 25): ""Alaska Regional Survival Guide"" | 51 table lines (renders as pipe characters) | 584 content lines (max 150, ~53 cards)",/home/eanhd/projects/field-node-firmware/data/entries/L2_food_biology/l2-regional-alaska-overview.md
18,data/entries/L2_food_biology/l2-regional-midwest-hazards.md,"title 27 chars (max 25): ""Midwest US Regional Hazards"" | 39 table lines (renders as pipe characters) | 587 content lines (max 150, ~53 cards)",/home/eanhd/projects/field-node-firmware/data/entries/L2_food_biology/l2-regional-midwest-hazards.md
18,data/entries/L2_food_biology/l2-regional-rockies-overview.md,"title 39 chars (max 25): ""Rocky Mountains Regional Survival Guide"" | 47 table lines (renders as pipe characters) | 550 content lines (max 150, ~50 cards)",/home/eanhd/projects/field-node-firmware/data/entries/L2_food_biology/l2-regional-rockies-overview.md
18,data/entries/L3_materials_technology/l3-tech-generator-maintenance.md,"68 table lines (renders as pipe characters) | 679 content lines (max 150, ~61 cards)",/home/eanhd/projects/field-node-firmware/data/entries/L3_materials_technology/l3-tech-generator-maintenance.md
18,data/entries/L3_materials_technology/l3-tech-offgrid-troubleshooting.md,"title 30 chars (max 25): ""Off-Grid Power Troubleshooting"" | 10 table lines (renders as pipe characters) | 575 content lines (max 150, ~52 cards)",/home/eanhd/projects/field-node-firmware/data/entries/L3_materials_technology/l3-tech-offgrid-troubleshooting.md
17,data/entries/L2_food_biology/l2-regional-alaska-hazards.md,"36 table lines (renders as pipe characters) | 619 content lines (max 150, ~56 cards)",/home/eanhd/projects/field-node-firmware/data/entries/L2_food_biology/l2-regional-alaska-hazards.md
17,data/entries/L2_food_biology/l2-regional-midwest-overview.md,"title 34 chars (max 25): ""Midwest US Regional Survival Guide"" | 48 table lines (renders as pipe characters) | 510 content lines (max 150, ~46 cards)",/home/eanhd/projects/field-node-firmware/data/entries/L2_food_biology/l2-regional-midwest-overview.md
17,data/entries/L2_food_biology/l2-regional-northeast-overview.md,"title 36 chars (max 25): ""Northeast US Regional Survival Guide"" | 47 table lines (renders as pipe characters) | 539 content lines (max 150, ~49 cards)",/home/eanhd/projects/field-node-firmware/data/entries/L2_food_biology/l2-regional-northeast-overview.md
17,data/entries/L2_food_biology/l2-regional-rockies-hazards.md,"title 32 chars (max 25): ""Rocky Mountains Regional Hazards"" | 48 table lines (renders as pipe characters) | 510 content lines (max 150, ~46 cards)",/home/eanhd/projects/field-node-firmware/data/entries/L2_food_biology/l2-regional-rockies-hazards.md
17,data/entries/L3_materials_technology/l3-tech-generator-basics.md,"101 table lines (renders as pipe characters) | 609 content lines (max 150, ~55 cards)",/home/eanhd/projects/field-node-firmware/data/entries/L3_materials_technology/l3-tech-generator-basics.md
17,data/entries/L3_materials_technology/l3-tech-small-engine-repair.md,"51 table lines (renders as pipe characters) | 649 content lines (max 150, ~59 cards)",/home/eanhd/projects/field-node-firmware/data/entries/L3_materials_technology/l3-tech-small-engine-repair.md
16,data/entries/L1_immediate_survival/l1-documentation-methods.md,"title 46 chars (max 25): ""Documentation Methods: External Memory S"" | 1 table lines (renders as pipe characters) | 463 content lines (max 150, ~42 cards)",/home/eanhd/projects/field-node-firmware/data/entries/L1_immediate_survival/l1-documentation-methods.md
16,data/entries/L3_materials_technology/l3-tech-antenna-construction.md,"44 table lines (renders as pipe characters) | 580 content lines (max 150, ~52 cards)",/home/eanhd/projects/field-node-firmware/data/entries/L3_materials_technology/l3-tech-antenna-construction.md
16,data/entries/L3_materials_technology/l3-tech-battery-maintenance.md,"29 table lines (renders as pipe characters) | 560 content lines (max 150, ~50 cards)",/home/eanhd/projects/field-node-firmware/data/entries/L3_materials_technology/l3-tech-battery-maintenance.md
16,data/entries/L3_materials_technology/l3-tech-circuit-salvage.md,"66 table lines (renders as pipe characters) | 560 content lines (max 150, ~50 cards)",/home/eanhd/projects/field-node-firmware/data/entries/L3_materials_technology/l3-tech-circuit-salvage.md
16,data/entries/L3_materials_technology/l3-tech-emergency-comms.md,"57 table lines (renders as pipe characters) | 588 content lines (max 150, ~53 cards)",/home/eanhd/projects/field-node-firmware/data/entries/L3_materials_technology/l3-tech-emergency-comms.md
16,data/entries/L3_materials_technology/l3-tech-soldering.md,"title 30 chars (max 25): ""Electronics Basics - Soldering"" | 54 table lines (renders as pipe characters) | 495 content lines (max 150, ~45 cards)",/home/eanhd/projects/field-node-firmware/data/entries/L3_materials_technology/l3-tech-soldering.md
15,data/entries/L3_materials_technology/l3-tech-battery-bank.md,"31 table lines (renders as pipe characters) | 538 content lines (max 150, ~48 cards)",/home/eanhd/projects/field-node-firmware/data/entries/L3_materials_technology/l3-tech-battery-bank.md
15,data/entries/L3_materials_technology/l3-tech-inverters.md,"54 table lines (renders as pipe characters) | 503 content lines (max 150, ~45 cards)",/home/eanhd/projects/field-node-firmware/data/entries/L3_materials_technology/l3-tech-inverters.md
15,data/entries/L3_materials_technology/l3-tech-mesh-networks.md,"17 table lines (renders as pipe characters) | 547 content lines (max 150, ~49 cards)",/home/eanhd/projects/field-node-firmware/data/entries/L3_materials_technology/l3-tech-mesh-networks.md
15,data/entries/L3_materials_technology/l3-tech-multimeter.md,"91 table lines (renders as pipe characters) | 541 content lines (max 150, ~49 cards)",/home/eanhd/projects/field-node-firmware/data/entries/L3_materials_technology/l3-tech-multimeter.md
15,data/entries/L3_materials_technology/l3-tech-radio-basics.md,"89 table lines (renders as pipe characters) | 500 content lines (max 150, ~45 cards)",/home/eanhd/projects/field-node-firmware/data/entries/L3_materials_technology/l3-tech-radio-basics.md
15,data/entries/L3_materials_technology/l3-tech-solar-wiring.md,"32 table lines (renders as pipe characters) | 548 content lines (max 150, ~49 cards)",/home/eanhd/projects/field-node-firmware/data/entries/L3_materials_technology/l3-tech-solar-wiring.md
15,data/entries/L5_community_knowledge/l4-community-leadership-selection.md,"24 table lines (renders as pipe characters) | 522 content lines (max 150, ~47 cards)",/home/eanhd/projects/field-node-firmware/data/entries/L5_community_knowledge/l4-community-leadership-selection.md
14,data/entries/L1_immediate_survival/l1-children-water-safety.md,"title 51 chars (max 25): ""Child Water Safety - Drowning Prevention"" | 619 content lines (max 150, ~56 cards)",/home/eanhd/projects/field-node-firmware/data/entries/L1_immediate_survival/l1-children-water-safety.md
14,data/entries/L2_food_biology/l2-fishing-alaska-species.md,"title 46 chars (max 25): ""Alaska Fish Species - Identification & H"" | 22 table lines (renders as pipe characters) | 351 content lines (max 150, ~31 cards)",/home/eanhd/projects/field-node-firmware/data/entries/L2_food_biology/l2-fishing-alaska-species.md
14,data/entries/L2_food_biology/l2-hunting-butchering-improvised.md,"title 65 chars (max 25): ""Improvised Butchering - Primitive Proces"" | 7 table lines (renders as pipe characters) | 358 content lines (max 150, ~32 cards)",/home/eanhd/projects/field-node-firmware/data/entries/L2_food_biology/l2-hunting-butchering-improvised.md
14,data/entries/L2_food_biology/l2-trapping-advanced.md,"title 49 chars (max 25): ""Advanced Trapping - Humane & Effective T"" | 17 table lines (renders as pipe characters) | 351 content lines (max 150, ~31 cards)",/home/eanhd/projects/field-node-firmware/data/entries/L2_food_biology/l2-trapping-advanced.md
14,data/entries/L3_materials_technology/l3-tech-charge-controllers.md,"30 table lines (renders as pipe characters) | 479 content lines (max 150, ~43 cards)",/home/eanhd/projects/field-node-firmware/data/entries/L3_materials_technology/l3-tech-charge-controllers.md
13,data/entries/L1_immediate_survival/l1-children-disaster-response.md,"title 58 chars (max 25): ""Children in Disasters - Psychological Re"" | 572 content lines (max 150, ~52 cards)",/home/eanhd/projects/field-node-firmware/data/entries/L1_immediate_survival/l1-children-disaster-response.md
13,data/entries/L1_immediate_survival/l1-medical-medication-storage.md,"title 32 chars (max 25): ""Medication Storage and Stability"" | 595 content lines (max 150, ~54 cards)",/home/eanhd/projects/field-node-firmware/data/entries/L1_immediate_survival/l1-medical-medication-storage.md
13,data/entries/L1_immediate_survival/l1-medical-pain-management.md,"652 content lines (max 150, ~59 cards)",/home/eanhd/projects/field-node-firmware/data/entries/L1_immediate_survival/l1-medical-pain-management.md
13,data/entries/L2_food_biology/l2-hunting-bow-basics.md,"title 44 chars (max 25): ""Bow Hunting Basics - Silent Survival Hun"" | 7 table lines (renders as pipe characters) | 341 content lines (max 150, ~31 cards)",/home/eanhd/projects/field-node-firmware/data/entries/L2_food_biology/l2-hunting-bow-basics.md
13,data/entries/L2_food_biology/l2-hunting-large-game-shot-placement.md,"title 41 chars (max 25): ""Large Game Shot Placement - Ethical Kill"" | 10 table lines (renders as pipe characters) | 322 content lines (max 150, ~29 cards)",/home/eanhd/projects/field-node-firmware/data/entries/L2_food_biology/l2-hunting-large-game-shot-placement.md
13,data/entries/L2_food_biology/l2-plants-alaska-comprehensive.md,"title 48 chars (max 25): ""Alaska Edible Plants - Comprehensive Fie"" | 15 table lines (renders as pipe characters) | 338 content lines (max 150, ~30 cards)",/home/eanhd/projects/field-node-firmware/data/entries/L2_food_biology/l2-plants-alaska-comprehensive.md
13,data/entries/L2_food_biology/l2-regional-southeast-overview.md,"title 36 chars (max 25): ""Southeast US Regional Survival Guide"" | 40 table lines (renders as pipe characters) | 332 content lines (max 150, ~30 cards)",/home/eanhd/projects/field-node-firmware/data/entries/L2_food_biology/l2-regional-southeast-overview.md
13,data/entries/L2_food_biology/l2-urban-foraging-city-plants.md,"title 38 chars (max 25): ""Urban Foraging - City Plants and Trees"" | 8 table lines (renders as pipe characters) | 302 content lines (max 150, ~27 cards)",/home/eanhd/projects/field-node-firmware/data/entries/L2_food_biology/l2-urban-foraging-city-plants.md
13,data/entries/L3_materials_technology/l3-tech-propagation.md,"37 table lines (renders as pipe characters) | 405 content lines (max 150, ~36 cards)",/home/eanhd/projects/field-node-firmware/data/entries/L3_materials_technology/l3-tech-propagation.md
13,data/entries/L3_materials_technology/l3-tools-general-fabrication.md,"title 54 chars (max 25): ""General Fabrication: Making Custom Tools"" | 595 content lines (max 150, ~54 cards)",/home/eanhd/projects/field-node-firmware/data/entries/L3_materials_technology/l3-tools-general-fabrication.md
12,data/entries/L1_immediate_survival/l1-accessibility-cognitive-disabilities.md,"title 44 chars (max 25): ""Cognitive Disabilities: Survival Adaptat"" | 516 content lines (max 150, ~46 cards)",/home/eanhd/projects/field-node-firmware/data/entries/L1_immediate_survival/l1-accessibility-cognitive-disabilities.md
12,data/entries/L1_immediate_survival/l1-accessibility-hearing-impairments.md,"title 41 chars (max 25): ""Hearing Impairments: Survival Adaptation"" | 531 content lines (max 150, ~48 cards)",/home/eanhd/projects/field-node-firmware/data/entries/L1_immediate_survival/l1-accessibility-hearing-impairments.md
12,data/entries/L1_immediate_survival/l1-knots-comprehensive.md,"## too long (25ch): ""Clove Hitch — Pole Attach"" | ## too long (27ch): ""Sheet Bend — Join Two Ropes"" | ## too long (28ch): ""Taut-Line Hitch — Adjustable"" | ## too long (24ch): ""Prusik — Friction Safety""",/home/eanhd/projects/field-node-firmware/data/entries/L1_immediate_survival/l1-knots-comprehensive.md
12,data/entries/L1_immediate_survival/l1-medical-wound-closure-advanced.md,"638 content lines (max 150, ~58 cards)",/home/eanhd/projects/field-node-firmware/data/entries/L1_immediate_survival/l1-medical-wound-closure-advanced.md
12,data/entries/L1_immediate_survival/l1-mental-health-rituals-celebrations.md,"title 54 chars (max 25): ""Rituals & Celebrations: Marking Time, Cr"" | 537 content lines (max 150, ~48 cards)",/home/eanhd/projects/field-node-firmware/data/entries/L1_immediate_survival/l1-mental-health-rituals-celebrations.md
12,data/entries/L1_immediate_survival/l1-urban-navigation-griddown.md,"title 46 chars (max 25): ""Urban Navigation Grid-Down - No GPS Wayf"" | 501 content lines (max 150, ~45 cards)",/home/eanhd/projects/field-node-firmware/data/entries/L1_immediate_survival/l1-urban-navigation-griddown.md
12,data/entries/L1_immediate_survival/l1-urban-scavenging-guide.md,"title 48 chars (max 25): ""Urban Scavenging Guide - Safe Salvage Op"" | 511 content lines (max 150, ~46 cards)",/home/eanhd/projects/field-node-firmware/data/entries/L1_immediate_survival/l1-urban-scavenging-guide.md
12,data/entries/L2_food_biology/l2-hunting-game-preservation-alaska.md,"title 38 chars (max 25): ""Game Preservation in Alaska Wilderness"" | 16 table lines (renders as pipe characters) | 261 content lines (max 150, ~23 cards)",/home/eanhd/projects/field-node-firmware/data/entries/L2_food_biology/l2-hunting-game-preservation-alaska.md
12,data/entries/L2_food_biology/l2-hunting-large-game-field-dressing.md,"title 48 chars (max 25): ""Large Game Field Dressing - Moose, Carib"" | 10 table lines (renders as pipe characters) | 279 content lines (max 150, ~25 cards)",/home/eanhd/projects/field-node-firmware/data/entries/L2_food_biology/l2-hunting-large-game-field-dressing.md
12,data/entries/L2_food_biology/l2-plants-alaska-wild-potato.md,"title 54 chars (max 25): ""Alaska Wild Potato - Identification & De"" | 11 table lines (renders as pipe characters) | 256 content lines (max 150, ~23 cards)",/home/eanhd/projects/field-node-firmware/data/entries/L2_food_biology/l2-plants-alaska-wild-potato.md
12,data/entries/L2_food_biology/l2-plants-deadly-lookalikes.md,"title 49 chars (max 25): ""Deadly Plant Lookalikes - When Edible Pl"" | 21 table lines (renders as pipe characters) | 295 content lines (max 150, ~26 cards)",/home/eanhd/projects/field-node-firmware/data/entries/L2_food_biology/l2-plants-deadly-lookalikes.md
12,data/entries/L4_agriculture_labor/l4-agriculture-animal-husbandry-rabbits.md,"36 table lines (renders as pipe characters) | 365 content lines (max 150, ~33 cards)",/home/eanhd/projects/field-node-firmware/data/entries/L4_agriculture_labor/l4-agriculture-animal-husbandry-rabbits.md
12,data/entries/L5_civilization_memory/l5-metallurgy-blacksmithing.md,"11 table lines (renders as pipe characters) | 358 content lines (max 150, ~32 cards)",/home/eanhd/projects/field-node-firmware/data/entries/L5_civilization_memory/l5-metallurgy-blacksmithing.md
12,data/entries/L5_community_knowledge/l4-community-conflict-resolution.md,"17 table lines (renders as pipe characters) | 375 content lines (max 150, ~34 cards)",/home/eanhd/projects/field-node-firmware/data/entries/L5_community_knowledge/l4-community-conflict-resolution.md
11,data/entries/L1_immediate_survival/l1-accessibility-caregiver-support.md,"title 46 chars (max 25): ""Caregiver Support: Techniques & Sustaina"" | 488 content lines (max 150, ~44 cards)",/home/eanhd/projects/field-node-firmware/data/entries/L1_immediate_survival/l1-accessibility-caregiver-support.md
11,data/entries/L1_immediate_survival/l1-accessibility-chronic-conditions.md,"title 39 chars (max 25): ""Chronic Conditions: Survival Management"" | 488 content lines (max 150, ~44 cards)",/home/eanhd/projects/field-node-firmware/data/entries/L1_immediate_survival/l1-accessibility-chronic-conditions.md
11,data/entries/L1_immediate_survival/l1-medical-antibiotic-guide.md,"562 content lines (max 150, ~51 cards)",/home/eanhd/projects/field-node-firmware/data/entries/L1_immediate_survival/l1-medical-antibiotic-guide.md
11,data/entries/L1_immediate_survival/l1-medical-gunshot-wound.md,"571 content lines (max 150, ~51 cards)",/home/eanhd/projects/field-node-firmware/data/entries/L1_immediate_survival/l1-medical-gunshot-wound.md
11,data/entries/L1_immediate_survival/l1-mental-health-art-crafts.md,"title 41 chars (max 25): ""Art & Crafts: Creating Beauty as Surviva"" | 466 content lines (max 150, ~42 cards)",/home/eanhd/projects/field-node-firmware/data/entries/L1_immediate_survival/l1-mental-health-art-crafts.md
11,data/entries/L1_immediate_survival/l1-mental-health-planning-systems.md,"title 47 chars (max 25): ""Planning Systems: Survive Today, Build T"" | 484 content lines (max 150, ~44 cards)",/home/eanhd/projects/field-node-firmware/data/entries/L1_immediate_survival/l1-mental-health-planning-systems.md
11,data/entries/L1_immediate_survival/l1-mental-health-storytelling.md,"title 53 chars (max 25): ""Storytelling & Oral Tradition: Memory Wi"" | 453 content lines (max 150, ~41 cards)",/home/eanhd/projects/field-node-firmware/data/entries/L1_immediate_survival/l1-mental-health-storytelling.md
11,data/entries/L1_immediate_survival/l1-urban-crowd-dynamics.md,"title 35 chars (max 25): ""Crowd Dynamics and Crush Prevention"" | 494 content lines (max 150, ~44 cards)",/home/eanhd/projects/field-node-firmware/data/entries/L1_immediate_survival/l1-urban-crowd-dynamics.md
11,data/entries/L1_immediate_survival/l1-urban-highrise-evacuation.md,"title 41 chars (max 25): ""High-Rise Evacuation - Multi-Story Escap"" | 482 content lines (max 150, ~43 cards)",/home/eanhd/projects/field-node-firmware/data/entries/L1_immediate_survival/l1-urban-highrise-evacuation.md
11,data/entries/L1_immediate_survival/l1-urban-structural-assessment.md,"title 51 chars (max 25): ""Building Structural Assessment - Damage "" | 468 content lines (max 150, ~42 cards)",/home/eanhd/projects/field-node-firmware/data/entries/L1_immediate_survival/l1-urban-structural-assessment.md
11,data/entries/L2_nutrition/l2-food-allergies-anaphylaxis.md,"title 39 chars (max 25): ""Food Allergies & Anaphylaxis Management"" | 8 table lines (renders as pipe characters) | 203 content lines (max 150, ~18 cards)",/home/eanhd/projects/field-node-firmware/data/entries/L2_nutrition/l2-food-allergies-anaphylaxis.md
11,data/entries/L3_materials_technology/l3-tech-solar-panel-basics.md,"47 table lines (renders as pipe characters) | 335 content lines (max 150, ~30 cards)",/home/eanhd/projects/field-node-firmware/data/entries/L3_materials_technology/l3-tech-solar-panel-basics.md
11,data/entries/L4_agriculture_labor/l4-agriculture-animal-husbandry-chickens.md,"21 table lines (renders as pipe characters) | 315 content lines (max 150, ~28 cards)",/home/eanhd/projects/field-node-firmware/data/entries/L4_agriculture_labor/l4-agriculture-animal-husbandry-chickens.md
11,data/entries/L4_agriculture_labor/l4-agriculture-animal-husbandry-goats.md,"31 table lines (renders as pipe characters) | 340 content lines (max 150, ~30 cards)",/home/eanhd/projects/field-node-firmware/data/entries/L4_agriculture_labor/l4-agriculture-animal-husbandry-goats.md
11,data/entries/L4_agriculture_labor/l4-agriculture-crop-rotation.md,"28 table lines (renders as pipe characters) | 307 content lines (max 150, ~27 cards)",/home/eanhd/projects/field-node-firmware/data/entries/L4_agriculture_labor/l4-agriculture-crop-rotation.md
11,data/entries/L5_civilization_memory/l5-materials-rope-cordage.md,"15 table lines (renders as pipe characters) | 334 content lines (max 150, ~30 cards)",/home/eanhd/projects/field-node-firmware/data/entries/L5_civilization_memory/l5-materials-rope-cordage.md
11,data/entries/L5_civilization_memory/l5-metallurgy-bloomery-iron.md,"14 table lines (renders as pipe characters) | 307 content lines (max 150, ~27 cards)",/home/eanhd/projects/field-node-firmware/data/entries/L5_civilization_memory/l5-metallurgy-bloomery-iron.md
11,data/entries/L5_civilization_memory/l5-metallurgy-bronze-casting.md,"15 table lines (renders as pipe characters) | 343 content lines (max 150, ~31 cards)",/home/eanhd/projects/field-node-firmware/data/entries/L5_civilization_memory/l5-metallurgy-bronze-casting.md
10,data/entries/L1_immediate_survival/l1-accessibility-mobility-adaptations.md,"title 33 chars (max 25): ""Mobility Adaptations for Survival"" | 435 content lines (max 150, ~39 cards)",/home/eanhd/projects/field-node-firmware/data/entries/L1_immediate_survival/l1-accessibility-mobility-adaptations.md
10,data/entries/L1_immediate_survival/l1-accessibility-visual-impairments.md,"title 40 chars (max 25): ""Visual Impairments: Survival Adaptations"" | 448 content lines (max 150, ~40 cards)",/home/eanhd/projects/field-node-firmware/data/entries/L1_immediate_survival/l1-accessibility-visual-impairments.md
10,data/entries/L1_immediate_survival/l1-device-maintenance-apocapocket.md,"title 42 chars (max 25): ""ApocaPocket Device Maintenance & Longevi"" | 446 content lines (max 150, ~40 cards)",/home/eanhd/projects/field-node-firmware/data/entries/L1_immediate_survival/l1-device-maintenance-apocapocket.md
10,data/entries/L1_immediate_survival/l1-medical-pediatric-cpr.md,"502 content lines (max 150, ~45 cards)",/home/eanhd/projects/field-node-firmware/data/entries/L1_immediate_survival/l1-medical-pediatric-cpr.md
10,data/entries/L1_immediate_survival/l1-mental-health-exercise-movement.md,"title 55 chars (max 25): ""Exercise & Movement: Physical Action as "" | 409 content lines (max 150, ~37 cards)",/home/eanhd/projects/field-node-firmware/data/entries/L1_immediate_survival/l1-mental-health-exercise-movement.md
10,data/entries/L1_immediate_survival/l1-mental-health-hygiene-grooming.md,"title 41 chars (max 25): ""Hygiene & Grooming: Self-Care as Surviva"" | 413 content lines (max 150, ~37 cards)",/home/eanhd/projects/field-node-firmware/data/entries/L1_immediate_survival/l1-mental-health-hygiene-grooming.md
10,data/entries/L1_immediate_survival/l1-mental-health-literacy-circles.md,"title 53 chars (max 25): ""Literacy Circles: Reading, Writing, Lear"" | 411 content lines (max 150, ~37 cards)",/home/eanhd/projects/field-node-firmware/data/entries/L1_immediate_survival/l1-mental-health-literacy-circles.md
10,data/entries/L4_agriculture_labor/l4-agriculture-food-forests.md,"35 table lines (renders as pipe characters) | 284 content lines (max 150, ~25 cards)",/home/eanhd/projects/field-node-firmware/data/entries/L4_agriculture_labor/l4-agriculture-food-forests.md
10,data/entries/L4_agriculture_labor/l4-agriculture-grain-processing.md,"8 table lines (renders as pipe characters) | 260 content lines (max 150, ~23 cards)",/home/eanhd/projects/field-node-firmware/data/entries/L4_agriculture_labor/l4-agriculture-grain-processing.md
10,data/entries/L4_agriculture_labor/l4-agriculture-seed-saving.md,"24 table lines (renders as pipe characters) | 1 lines with italic (*text* — no italic font) | 195 content lines (max 150, ~17 cards)",/home/eanhd/projects/field-node-firmware/data/entries/L4_agriculture_labor/l4-agriculture-seed-saving.md
10,data/entries/L4_tools_rebuilding/l4-education-teaching-without-schools.md,"8 table lines (renders as pipe characters) | 266 content lines (max 150, ~24 cards)",/home/eanhd/projects/field-node-firmware/data/entries/L4_tools_rebuilding/l4-education-teaching-without-schools.md
10,data/entries/L5_civilization_memory/l5-materials-charcoal-production.md,"16 table lines (renders as pipe characters) | 295 content lines (max 150, ~26 cards)",/home/eanhd/projects/field-node-firmware/data/entries/L5_civilization_memory/l5-materials-charcoal-production.md
10,data/entries/L5_civilization_memory/l5-materials-glassmaking.md,"16 table lines (renders as pipe characters) | 289 content lines (max 150, ~26 cards)",/home/eanhd/projects/field-node-firmware/data/entries/L5_civilization_memory/l5-materials-glassmaking.md
10,data/entries/L5_civilization_memory/l5-materials-pottery-ceramics.md,"8 table lines (renders as pipe characters) | 276 content lines (max 150, ~25 cards)",/home/eanhd/projects/field-node-firmware/data/entries/L5_civilization_memory/l5-materials-pottery-ceramics.md
9,data/entries/L1_immediate_survival/l1-children-poisoning-prevention.md,"title 38 chars (max 25): ""Childproofing and Poisoning Prevention"" | 369 content lines (max 150, ~33 cards)",/home/eanhd/projects/field-node-firmware/data/entries/L1_immediate_survival/l1-children-poisoning-prevention.md
9,data/entries/L1_immediate_survival/l1-medical-iv-fluid-administration.md,"457 content lines (max 150, ~41 cards)",/home/eanhd/projects/field-node-firmware/data/entries/L1_immediate_survival/l1-medical-iv-fluid-administration.md
9,data/entries/L1_immediate_survival/l1-medical-nasopharyngeal-airway.md,"456 content lines (max 150, ~41 cards)",/home/eanhd/projects/field-node-firmware/data/entries/L1_immediate_survival/l1-medical-nasopharyngeal-airway.md
9,data/entries/L1_immediate_survival/l1-medical-overview.md,"## too long (25ch): ""Life-Threatening Bleeding"" | ## too long (25ch): ""Environmental Emergencies"" | ## too long (24ch): ""Envenomation / Poisoning""",/home/eanhd/projects/field-node-firmware/data/entries/L1_immediate_survival/l1-medical-overview.md
9,data/entries/L1_immediate_survival/l1-mental-health-fermentation-brewing.md,"title 52 chars (max 25): ""Fermentation & Brewing: Morale, Nutritio"" | 398 content lines (max 150, ~36 cards)",/home/eanhd/projects/field-node-firmware/data/entries/L1_immediate_survival/l1-mental-health-fermentation-brewing.md
9,data/entries/L1_immediate_survival/l1-mental-health-humor-laughter.md,"title 37 chars (max 25): ""Humor & Laughter: The Survival Reflex"" | 380 content lines (max 150, ~34 cards)",/home/eanhd/projects/field-node-firmware/data/entries/L1_immediate_survival/l1-mental-health-humor-laughter.md
9,data/entries/L1_immediate_survival/l1-mental-health-music-instruments.md,"title 44 chars (max 25): ""Music & Instrument Making: Sound as Surv"" | 393 content lines (max 150, ~35 cards)",/home/eanhd/projects/field-node-firmware/data/entries/L1_immediate_survival/l1-mental-health-music-instruments.md
9,data/entries/L1_immediate_survival/l1-strategy-mental-health-acute.md,"title 54 chars (max 25): ""Mental Health Crisis — Acute Interventio"" | 391 content lines (max 150, ~35 cards)",/home/eanhd/projects/field-node-firmware/data/entries/L1_immediate_survival/l1-strategy-mental-health-acute.md
9,data/entries/L4_agriculture_labor/l4-agriculture-composting.md,"40 table lines (renders as pipe characters) | 245 content lines (max 150, ~22 cards)",/home/eanhd/projects/field-node-firmware/data/entries/L4_agriculture_labor/l4-agriculture-composting.md
8,data/entries/L1_immediate_survival/l1-medical-infant-care-basics.md,"442 content lines (max 150, ~40 cards)",/home/eanhd/projects/field-node-firmware/data/entries/L1_immediate_survival/l1-medical-infant-care-basics.md
8,data/entries/L1_immediate_survival/l1-mental-health-knowledge-retention.md,"title 43 chars (max 25): ""Knowledge Retention: Keeping What You Le"" | 303 content lines (max 150, ~27 cards)",/home/eanhd/projects/field-node-firmware/data/entries/L1_immediate_survival/l1-mental-health-knowledge-retention.md
8,data/entries/L1_immediate_survival/l1-urban-apartment-fortification.md,"title 40 chars (max 25): ""Apartment Fortification - Security Zones"" | 326 content lines (max 150, ~29 cards)",/home/eanhd/projects/field-node-firmware/data/entries/L1_immediate_survival/l1-urban-apartment-fortification.md
7,data/entries/L1_immediate_survival/l1-mental-health-games-without-electronics.md,"title 62 chars (max 25): ""Games Without Electronics: Psychological"" | 292 content lines (max 150, ~26 cards)",/home/eanhd/projects/field-node-firmware/data/entries/L1_immediate_survival/l1-mental-health-games-without-electronics.md
7,data/entries/L1_immediate_survival/l1-strategy-first-24-hours.md,"title 39 chars (max 25): ""First 24 Hours — Priority Decision Tree"" | 291 content lines (max 150, ~26 cards)",/home/eanhd/projects/field-node-firmware/data/entries/L1_immediate_survival/l1-strategy-first-24-hours.md
7,data/entries/L1_immediate_survival/l1-urban-water-sources.md,"title 42 chars (max 25): ""Urban Water Sources - Emergency Extracti"" | 260 content lines (max 150, ~23 cards)",/home/eanhd/projects/field-node-firmware/data/entries/L1_immediate_survival/l1-urban-water-sources.md
7,data/entries/L2_food_biology/l2-trapping-snares-advanced.md,"title 30 chars (max 25): ""Advanced Snares & Trapping ⭐⭐⭐"" | 263 content lines (max 150, ~23 cards)",/home/eanhd/projects/field-node-firmware/data/entries/L2_food_biology/l2-trapping-snares-advanced.md
7,data/entries/L4_tools_rebuilding/l4-education-library-curation.md,"373 content lines (max 150, ~33 cards)",/home/eanhd/projects/field-node-firmware/data/entries/L4_tools_rebuilding/l4-education-library-curation.md
7,data/entries/L4_tools_rebuilding/l4-education-writing-record-keeping.md,"372 content lines (max 150, ~33 cards)",/home/eanhd/projects/field-node-firmware/data/entries/L4_tools_rebuilding/l4-education-writing-record-keeping.md
7,data/entries/L5_community_knowledge/l5-crisis-mass-casualty-triage.md,"377 content lines (max 150, ~34 cards)",/home/eanhd/projects/field-node-firmware/data/entries/L5_community_knowledge/l5-crisis-mass-casualty-triage.md
6,data/entries/L1_immediate_survival/l1-medical-fracture-stabilization.md,"315 content lines (max 150, ~28 cards)",/home/eanhd/projects/field-node-firmware/data/entries/L1_immediate_survival/l1-medical-fracture-stabilization.md
6,data/entries/L1_immediate_survival/l1-medical-heat-stroke.md,"329 content lines (max 150, ~29 cards)",/home/eanhd/projects/field-node-firmware/data/entries/L1_immediate_survival/l1-medical-heat-stroke.md
6,data/entries/L1_immediate_survival/l1-medical-shock-recognition.md,"331 content lines (max 150, ~30 cards)",/home/eanhd/projects/field-node-firmware/data/entries/L1_immediate_survival/l1-medical-shock-recognition.md
6,data/entries/L1_immediate_survival/l1-medical-spinal-precautions.md,"323 content lines (max 150, ~29 cards)",/home/eanhd/projects/field-node-firmware/data/entries/L1_immediate_survival/l1-medical-spinal-precautions.md
6,data/entries/L1_immediate_survival/l1-shelter-overview.md,"## too long (23ch): ""Time vs Warmth Tradeoff"" | ## too long (25ch): ""Site Selection Priorities""",/home/eanhd/projects/field-node-firmware/data/entries/L1_immediate_survival/l1-shelter-overview.md
6,data/entries/L2_food_biology/l2-weapons-atlatl-spear-thrower.md,"title 26 chars (max 25): ""Atlatl (Spear Thrower) ⭐⭐⭐"" | 216 content lines (max 150, ~19 cards)",/home/eanhd/projects/field-node-firmware/data/entries/L2_food_biology/l2-weapons-atlatl-spear-thrower.md
6,data/entries/L2_food_biology/l2-weapons-throwing-stick.md,"title 40 chars (max 25): ""Throwing Stick (Rabbit Stick, Kylie) ⭐⭐⭐"" | 230 content lines (max 150, ~20 cards)",/home/eanhd/projects/field-node-firmware/data/entries/L2_food_biology/l2-weapons-throwing-stick.md
6,data/entries/L3_materials_technology/l3-tools-bark-containers-baskets.md,"title 29 chars (max 25): ""Bark Containers & Baskets ⭐⭐⭐"" | 239 content lines (max 150, ~21 cards)",/home/eanhd/projects/field-node-firmware/data/entries/L3_materials_technology/l3-tools-bark-containers-baskets.md
6,data/entries/L3_materials_technology/l3-tools-stone-knapping.md,"title 34 chars (max 25): ""Stone Knapping (Flintknapping) ⭐⭐⭐"" | 238 content lines (max 150, ~21 cards)",/home/eanhd/projects/field-node-firmware/data/entries/L3_materials_technology/l3-tools-stone-knapping.md
6,data/entries/L5_community_knowledge/l5-crisis-emp-grid-down.md,"314 content lines (max 150, ~28 cards)",/home/eanhd/projects/field-node-firmware/data/entries/L5_community_knowledge/l5-crisis-emp-grid-down.md
6,data/entries/L5_community_knowledge/l5-crisis-pandemic-response.md,"319 content lines (max 150, ~29 cards)",/home/eanhd/projects/field-node-firmware/data/entries/L5_community_knowledge/l5-crisis-pandemic-response.md
5,data/entries/L1_immediate_survival/l1-medical-chest-seal.md,"278 content lines (max 150, ~25 cards)",/home/eanhd/projects/field-node-firmware/data/entries/L1_immediate_survival/l1-medical-chest-seal.md
5,data/entries/L1_immediate_survival/l1-medical-pediatric-dosing.md,"268 content lines (max 150, ~24 cards)",/home/eanhd/projects/field-node-firmware/data/entries/L1_immediate_survival/l1-medical-pediatric-dosing.md
5,data/entries/L1_immediate_survival/l1-mental-health-how-to-study.md,"title 38 chars (max 25): ""How to Study: Learning New Skills Fast"" | 160 content lines (max 150, ~14 cards)",/home/eanhd/projects/field-node-firmware/data/entries/L1_immediate_survival/l1-mental-health-how-to-study.md
5,data/entries/L1_medical/l1-medical-heart-attack-recognition.md,"267 content lines (max 150, ~24 cards)",/home/eanhd/projects/field-node-firmware/data/entries/L1_medical/l1-medical-heart-attack-recognition.md
5,data/entries/L1_medical/l1-medical-sepsis-recognition.md,"250 content lines (max 150, ~22 cards)",/home/eanhd/projects/field-node-firmware/data/entries/L1_medical/l1-medical-sepsis-recognition.md
5,data/entries/L1_medical/l1-medical-stroke-recognition.md,"296 content lines (max 150, ~26 cards)",/home/eanhd/projects/field-node-firmware/data/entries/L1_medical/l1-medical-stroke-recognition.md
5,data/entries/L2_food_biology/l2-fishing-traps-weirs.md,"265 content lines (max 150, ~24 cards)",/home/eanhd/projects/field-node-firmware/data/entries/L2_food_biology/l2-fishing-traps-weirs.md
4,data/entries/L1_immediate_survival/l1-fire-friction-advanced.md,"240 content lines (max 150, ~21 cards)",/home/eanhd/projects/field-node-firmware/data/entries/L1_immediate_survival/l1-fire-friction-advanced.md
4,data/entries/L1_immediate_survival/l1-medical-asthma-severe-attack.md,"212 content lines (max 150, ~19 cards)",/home/eanhd/projects/field-node-firmware/data/entries/L1_immediate_survival/l1-medical-asthma-severe-attack.md
4,data/entries/L1_immediate_survival/l1-medical-diabetes-emergency.md,"244 content lines (max 150, ~22 cards)",/home/eanhd/projects/field-node-firmware/data/entries/L1_immediate_survival/l1-medical-diabetes-emergency.md
4,data/entries/L1_immediate_survival/l1-medical-hypothermia.md,"236 content lines (max 150, ~21 cards)",/home/eanhd/projects/field-node-firmware/data/entries/L1_immediate_survival/l1-medical-hypothermia.md
4,data/entries/L1_immediate_survival/l1-wildlife-bear-encounters.md,"228 content lines (max 150, ~20 cards)",/home/eanhd/projects/field-node-firmware/data/entries/L1_immediate_survival/l1-wildlife-bear-encounters.md
4,data/entries/L1_medical/l1-medical-pregnancy-complications.md,"226 content lines (max 150, ~20 cards)",/home/eanhd/projects/field-node-firmware/data/entries/L1_medical/l1-medical-pregnancy-complications.md
4,data/entries/L1_shelter/l1-vehicle-winter-survival.md,"216 content lines (max 150, ~19 cards)",/home/eanhd/projects/field-node-firmware/data/entries/L1_shelter/l1-vehicle-winter-survival.md
4,data/entries/L2_food_biology/l2-weapons-bolas.md,"231 content lines (max 150, ~21 cards)",/home/eanhd/projects/field-node-firmware/data/entries/L2_food_biology/l2-weapons-bolas.md
3,data/entries/L1_immediate_survival/l1-fire-char-cloth.md,"## too long (24ch): ""Storage and Alternatives""",/home/eanhd/projects/field-node-firmware/data/entries/L1_immediate_survival/l1-fire-char-cloth.md
3,data/entries/L1_immediate_survival/l1-fire-cooking-methods.md,"## too long (25ch): ""Hot Rock Boiling (No Pot)""",/home/eanhd/projects/field-node-firmware/data/entries/L1_immediate_survival/l1-fire-cooking-methods.md
3,data/entries/L1_immediate_survival/l1-medical-burns.md,"175 content lines (max 150, ~15 cards)",/home/eanhd/projects/field-node-firmware/data/entries/L1_immediate_survival/l1-medical-burns.md
3,data/entries/L1_immediate_survival/l1-medical-choking-airway.md,"184 content lines (max 150, ~16 cards)",/home/eanhd/projects/field-node-firmware/data/entries/L1_immediate_survival/l1-medical-choking-airway.md
3,data/entries/L1_immediate_survival/l1-medical-severe-bleeding.md,"195 content lines (max 150, ~17 cards)",/home/eanhd/projects/field-node-firmware/data/entries/L1_immediate_survival/l1-medical-severe-bleeding.md
3,data/entries/L1_immediate_survival/l1-strategy-common-fatal-mistakes.md,"## too long (25ch): ""Carbon Monoxide Poisoning""",/home/eanhd/projects/field-node-firmware/data/entries/L1_immediate_survival/l1-strategy-common-fatal-mistakes.md
3,data/entries/L1_immediate_survival/l1-strategy-seasonal-planning.md,"## too long (26ch): ""Summer Tasks — Work Season""",/home/eanhd/projects/field-node-firmware/data/entries/L1_immediate_survival/l1-strategy-seasonal-planning.md
3,data/entries/L1_medical/l1-medical-epilepsy-management.md,"171 content lines (max 150, ~15 cards)",/home/eanhd/projects/field-node-firmware/data/entries/L1_medical/l1-medical-epilepsy-management.md
3,data/entries/L2_food_biology/l2-weapons-sling-slinging.md,"191 content lines (max 150, ~17 cards)",/home/eanhd/projects/field-node-firmware/data/entries/L2_food_biology/l2-weapons-sling-slinging.md
2,data/entries/L1_disaster/l1-natural-disaster-tornado.md,"title 26 chars (max 25): ""Tornado Survival Protocols""",/home/eanhd/projects/field-node-firmware/data/entries/L1_disaster/l1-natural-disaster-tornado.md
2,data/entries/L1_immediate_survival/l1-fire-bow-drill-detailed.md,"title 40 chars (max 25): ""Bow Drill Fire Starting — Complete Guide""",/home/eanhd/projects/field-node-firmware/data/entries/L1_immediate_survival/l1-fire-bow-drill-detailed.md
2,data/entries/L1_immediate_survival/l1-fire-ferro-rod-technique.md,"title 32 chars (max 25): ""Ferro Rod and Tinder Preparation""",/home/eanhd/projects/field-node-firmware/data/entries/L1_immediate_survival/l1-fire-ferro-rod-technique.md
2,data/entries/L1_immediate_survival/l1-fire-signal-fires.md,"title 50 chars (max 25): ""Signal Fire Construction — Day and Night""",/home/eanhd/projects/field-node-firmware/data/entries/L1_immediate_survival/l1-fire-signal-fires.md
2,data/entries/L1_immediate_survival/l1-fire-tinder-identification.md,"title 55 chars (max 25): ""Natural Tinder Materials — Identificatio""",/home/eanhd/projects/field-node-firmware/data/entries/L1_immediate_survival/l1-fire-tinder-identification.md
2,data/entries/L1_immediate_survival/l1-navigation-without-compass.md,"title 54 chars (max 25): ""Navigation Without Compass — Sun, Stars,""",/home/eanhd/projects/field-node-firmware/data/entries/L1_immediate_survival/l1-navigation-without-compass.md
2,data/entries/L1_immediate_survival/l1-strategy-resource-assessment.md,"title 45 chars (max 25): ""Resource Assessment Matrix — What Can I """,/home/eanhd/projects/field-node-firmware/data/entries/L1_immediate_survival/l1-strategy-resource-assessment.md
2,data/entries/L1_navigation/l1-navigation-urban-without-gps.md,"title 28 chars (max 25): ""Urban Navigation Without GPS""",/home/eanhd/projects/field-node-firmware/data/entries/L1_navigation/l1-navigation-urban-without-gps.md
2,data/entries/L1_strategy/l1-vehicle-breakdown-remote.md,"title 32 chars (max 25): ""Vehicle Breakdown in Remote Area""",/home/eanhd/projects/field-node-firmware/data/entries/L1_strategy/l1-vehicle-breakdown-remote.md
2,data/entries/L1_water/l1-water-ice-snow-melting.md,"title 28 chars (max 25): ""Ice & Snow Melting for Water""",/home/eanhd/projects/field-node-firmware/data/entries/L1_water/l1-water-ice-snow-melting.md
2,data/entries/L2_food_biology/l2-fish-bass-identification.md,"title 45 chars (max 25): ""Bass — Largemouth & Smallmouth Identific""",/home/eanhd/projects/field-node-firmware/data/entries/L2_food_biology/l2-fish-bass-identification.md
2,data/entries/L2_food_biology/l2-fish-catfish-identification.md,"title 37 chars (max 25): ""Catfish — Bottom Feeder Survival Fish""",/home/eanhd/projects/field-node-firmware/data/entries/L2_food_biology/l2-fish-catfish-identification.md
2,data/entries/L2_food_biology/l2-fish-panfish-identification.md,"title 36 chars (max 25): ""Panfish — Bluegill, Sunfish, Crappie""",/home/eanhd/projects/field-node-firmware/data/entries/L2_food_biology/l2-fish-panfish-identification.md
2,data/entries/L2_food_biology/l2-fish-salmon-identification.md,"title 45 chars (max 25): ""Salmon — Anadromous Fish Field Identific""",/home/eanhd/projects/field-node-firmware/data/entries/L2_food_biology/l2-fish-salmon-identification.md
2,data/entries/L2_food_biology/l2-fish-trout-identification.md,"title 39 chars (max 25): ""Trout — Identification & Field Dressing""",/home/eanhd/projects/field-node-firmware/data/entries/L2_food_biology/l2-fish-trout-identification.md
2,data/entries/L2_food_biology/l2-fishing-trotline-construction.md,"title 44 chars (max 25): ""Trotline — Passive Multi-Hook Fishing Sy""",/home/eanhd/projects/field-node-firmware/data/entries/L2_food_biology/l2-fishing-trotline-construction.md
2,data/entries/L2_food_biology/l2-food-acorn-processing.md,"title 49 chars (max 25): ""Acorn Processing — Leaching Tannins for """,/home/eanhd/projects/field-node-firmware/data/entries/L2_food_biology/l2-food-acorn-processing.md
2,data/entries/L2_food_biology/l2-food-black-walnut.md,"title 36 chars (max 25): ""Black Walnut — Foraging & Processing""",/home/eanhd/projects/field-node-firmware/data/entries/L2_food_biology/l2-food-black-walnut.md
2,data/entries/L2_food_biology/l2-food-caching-storage.md,"title 54 chars (max 25): ""Food Caching — Long-Term Storage Without""",/home/eanhd/projects/field-node-firmware/data/entries/L2_food_biology/l2-food-caching-storage.md
2,data/entries/L2_food_biology/l2-food-duck-field-dressing.md,"title 34 chars (max 25): ""Ducks — Waterfowl Field Processing""",/home/eanhd/projects/field-node-firmware/data/entries/L2_food_biology/l2-food-duck-field-dressing.md
2,data/entries/L2_food_biology/l2-food-fishing-methods.md,"title 40 chars (max 25): ""Fishing Methods — Pole, Net, Trap, Spear""",/home/eanhd/projects/field-node-firmware/data/entries/L2_food_biology/l2-food-fishing-methods.md
2,data/entries/L2_food_biology/l2-food-goose-field-processing.md,"title 34 chars (max 25): ""Geese — Large Waterfowl Processing""",/home/eanhd/projects/field-node-firmware/data/entries/L2_food_biology/l2-food-goose-field-processing.md
2,data/entries/L2_food_biology/l2-food-hickory-nuts.md,"title 32 chars (max 25): ""Hickory Nuts — High-Fat Wild Nut""",/home/eanhd/projects/field-node-firmware/data/entries/L2_food_biology/l2-food-hickory-nuts.md
2,data/entries/L2_food_biology/l2-food-kelp-foraging.md,"title 38 chars (max 25): ""Kelp — Coastal Seaweed Foraging & Uses""",/home/eanhd/projects/field-node-firmware/data/entries/L2_food_biology/l2-food-kelp-foraging.md
2,data/entries/L2_food_biology/l2-food-nori-seaweed.md,"title 34 chars (max 25): ""Nori (Laver) — Coastal Red Seaweed""",/home/eanhd/projects/field-node-firmware/data/entries/L2_food_biology/l2-food-nori-seaweed.md
2,data/entries/L2_food_biology/l2-food-preservation-comprehensive.md,"title 64 chars (max 25): ""Food Preservation Methods — Drying, Smok""",/home/eanhd/projects/field-node-firmware/data/entries/L2_food_biology/l2-food-preservation-comprehensive.md
2,data/entries/L2_food_biology/l2-food-trap-making-comprehensive.md,"title 48 chars (max 25): ""Trap & Snare Making — Passive Hunting Te""",/home/eanhd/projects/field-node-firmware/data/entries/L2_food_biology/l2-food-trap-making-comprehensive.md
2,data/entries/L2_food_biology/l2-food-water-storage-methods.md,"title 61 chars (max 25): ""Water Storage — Clean Collection, Long-T""",/home/eanhd/projects/field-node-firmware/data/entries/L2_food_biology/l2-food-water-storage-methods.md
2,data/entries/L2_food_biology/l2-food-wild-turkey-processing.md,"title 38 chars (max 25): ""Wild Turkey — Field Dressing & Cooking""",/home/eanhd/projects/field-node-firmware/data/entries/L2_food_biology/l2-food-wild-turkey-processing.md
2,data/entries/L2_food_biology/l2-hunting-bone-tools.md,"title 29 chars (max 25): ""Bone, Antler, and Shell Tools""",/home/eanhd/projects/field-node-firmware/data/entries/L2_food_biology/l2-hunting-bone-tools.md
2,data/entries/L2_food_biology/l2-hunting-hide-processing.md,"title 40 chars (max 25): ""Complete Hide Processing — Brain Tanning""",/home/eanhd/projects/field-node-firmware/data/entries/L2_food_biology/l2-hunting-hide-processing.md
2,data/entries/L2_food_biology/l2-hunting-smoking-detailed.md,"title 47 chars (max 25): ""Smoking Meat and Fish — Hot Smoke vs Col""",/home/eanhd/projects/field-node-firmware/data/entries/L2_food_biology/l2-hunting-smoking-detailed.md
2,data/entries/L2_food_biology/l2-insect-foraging-detailed.md,"title 48 chars (max 25): ""Insect Foraging — Identification and Pre""",/home/eanhd/projects/field-node-firmware/data/entries/L2_food_biology/l2-insect-foraging-detailed.md
2,data/entries/L2_food_biology/l2-mushrooms-cultivation-log.md,"title 47 chars (max 25): ""Log Cultivation — Shiitake and Oyster Mu""",/home/eanhd/projects/field-node-firmware/data/entries/L2_food_biology/l2-mushrooms-cultivation-log.md
2,data/entries/L2_food_biology/l2-mushrooms-drying-storage.md,"title 42 chars (max 25): ""Mushroom Preservation — Drying and Stora""",/home/eanhd/projects/field-node-firmware/data/entries/L2_food_biology/l2-mushrooms-drying-storage.md
2,data/entries/L2_food_biology/l2-nutrition-hardtack.md,"title 47 chars (max 25): ""Hardtack — Indefinite Shelf-Life Surviva""",/home/eanhd/projects/field-node-firmware/data/entries/L2_food_biology/l2-nutrition-hardtack.md
2,data/entries/L2_food_biology/l2-nutrition-jerky.md,"title 41 chars (max 25): ""Meat Jerky — Drying Techniques and Safet""",/home/eanhd/projects/field-node-firmware/data/entries/L2_food_biology/l2-nutrition-jerky.md
2,data/entries/L2_food_biology/l2-nutrition-lacto-fermentation.md,"title 58 chars (max 25): ""Lacto-Fermentation — Preserving Food Wit""",/home/eanhd/projects/field-node-firmware/data/entries/L2_food_biology/l2-nutrition-lacto-fermentation.md
2,data/entries/L2_food_biology/l2-nutrition-pemmican.md,"title 33 chars (max 25): ""Pemmican — Ultimate Survival Food""",/home/eanhd/projects/field-node-firmware/data/entries/L2_food_biology/l2-nutrition-pemmican.md
2,data/entries/L2_food_biology/l2-nutrition-wild-vinegar.md,"title 30 chars (max 25): ""Making Vinegar from Wild Fruit""",/home/eanhd/projects/field-node-firmware/data/entries/L2_food_biology/l2-nutrition-wild-vinegar.md
2,data/entries/L2_food_biology/l2-plants-deadly-nightshade.md,"title 60 chars (max 25): ""Deadly Nightshade (Belladonna) — Highly """,/home/eanhd/projects/field-node-firmware/data/entries/L2_food_biology/l2-plants-deadly-nightshade.md
2,data/entries/L2_food_biology/l2-plants-death-camas.md,"title 36 chars (max 25): ""Death Camas — DEADLY Camas Lookalike""",/home/eanhd/projects/field-node-firmware/data/entries/L2_food_biology/l2-plants-death-camas.md
2,data/entries/L2_food_biology/l2-plants-fiddlehead-ferns.md,"title 34 chars (max 25): ""Fiddlehead Ferns — Spring Delicacy""",/home/eanhd/projects/field-node-firmware/data/entries/L2_food_biology/l2-plants-fiddlehead-ferns.md
2,data/entries/L2_food_biology/l2-plants-flour-from-wild.md,"title 57 chars (max 25): ""Making Flour from Wild Plants — Acorns, """,/home/eanhd/projects/field-node-firmware/data/entries/L2_food_biology/l2-plants-flour-from-wild.md
2,data/entries/L2_food_biology/l2-plants-miners-lettuce.md,"title 38 chars (max 25): ""Miners Lettuce — Abundant Spring Green""",/home/eanhd/projects/field-node-firmware/data/entries/L2_food_biology/l2-plants-miners-lettuce.md
2,data/entries/L2_food_biology/l2-plants-pnw-camas.md,"title 42 chars (max 25): ""Camas — Staple Root Crop of Indigenous P""",/home/eanhd/projects/field-node-firmware/data/entries/L2_food_biology/l2-plants-pnw-camas.md
2,data/entries/L2_food_biology/l2-plants-pnw-oregon-grape.md,"title 42 chars (max 25): ""Oregon Grape — Tart Berry & Medicinal Ro""",/home/eanhd/projects/field-node-firmware/data/entries/L2_food_biology/l2-plants-pnw-oregon-grape.md
2,data/entries/L2_food_biology/l2-plants-pnw-salal.md,"title 38 chars (max 25): ""Salal — Pacific Northwest Staple Berry""",/home/eanhd/projects/field-node-firmware/data/entries/L2_food_biology/l2-plants-pnw-salal.md
2,data/entries/L2_food_biology/l2-plants-pnw-salmonberry.md,"title 32 chars (max 25): ""Salmonberry — Early Spring Berry""",/home/eanhd/projects/field-node-firmware/data/entries/L2_food_biology/l2-plants-pnw-salmonberry.md
2,data/entries/L2_food_biology/l2-plants-pnw-thimbleberry.md,"title 47 chars (max 25): ""Thimbleberry — Pacific Northwest Delicat""",/home/eanhd/projects/field-node-firmware/data/entries/L2_food_biology/l2-plants-pnw-thimbleberry.md
2,data/entries/L2_food_biology/l2-plants-pnw-wapato.md,"title 32 chars (max 25): ""Wapato — Indigenous Staple Tuber""",/home/eanhd/projects/field-node-firmware/data/entries/L2_food_biology/l2-plants-pnw-wapato.md
2,data/entries/L2_food_biology/l2-plants-poison-hemlock.md,"title 54 chars (max 25): ""Poison Hemlock & Water Hemlock — DEADLY """,/home/eanhd/projects/field-node-firmware/data/entries/L2_food_biology/l2-plants-poison-hemlock.md
2,data/entries/L2_food_biology/l2-plants-southwest-agave.md,"title 34 chars (max 25): ""Agave — Desert Staple Carbohydrate""",/home/eanhd/projects/field-node-firmware/data/entries/L2_food_biology/l2-plants-southwest-agave.md
2,data/entries/L2_food_biology/l2-plants-southwest-cholla-cactus.md,"title 35 chars (max 25): ""Cholla Cactus — Edible Buds & Fruit""",/home/eanhd/projects/field-node-firmware/data/entries/L2_food_biology/l2-plants-southwest-cholla-cactus.md
2,data/entries/L2_food_biology/l2-plants-southwest-mesquite.md,"title 30 chars (max 25): ""Mesquite — Desert Bean & Flour""",/home/eanhd/projects/field-node-firmware/data/entries/L2_food_biology/l2-plants-southwest-mesquite.md
2,data/entries/L2_food_biology/l2-plants-southwest-pinyon-pine.md,"title 37 chars (max 25): ""Pinyon Pine — High-Calorie Desert Nut""",/home/eanhd/projects/field-node-firmware/data/entries/L2_food_biology/l2-plants-southwest-pinyon-pine.md
2,data/entries/L2_food_biology/l2-plants-southwest-prickly-pear.md,"title 35 chars (max 25): ""Prickly Pear Cactus — Desert Staple""",/home/eanhd/projects/field-node-firmware/data/entries/L2_food_biology/l2-plants-southwest-prickly-pear.md
2,data/entries/L2_food_biology/l2-plants-southwest-yucca.md,"title 30 chars (max 25): ""Yucca — Desert Multi-Use Plant""",/home/eanhd/projects/field-node-firmware/data/entries/L2_food_biology/l2-plants-southwest-yucca.md
2,data/entries/L2_food_biology/l2-plants-spring-foraging-calendar.md,"title 47 chars (max 25): ""Spring Foraging Calendar (Temperate N. A""",/home/eanhd/projects/field-node-firmware/data/entries/L2_food_biology/l2-plants-spring-foraging-calendar.md
2,data/entries/L2_food_biology/l2-plants-toxic-plant-symptoms.md,"title 58 chars (max 25): ""Toxic Plant Poisoning — Symptom Recognit""",/home/eanhd/projects/field-node-firmware/data/entries/L2_food_biology/l2-plants-toxic-plant-symptoms.md
2,data/entries/L2_food_biology/l2-plants-universal-edibility-test.md,"title 33 chars (max 25): ""Universal Edibility Test Protocol""",/home/eanhd/projects/field-node-firmware/data/entries/L2_food_biology/l2-plants-universal-edibility-test.md
2,data/entries/L2_food_biology/l2-plants-wild-teas.md,"title 27 chars (max 25): ""Wild Tea Guide — 20 Species""",/home/eanhd/projects/field-node-firmware/data/entries/L2_food_biology/l2-plants-wild-teas.md
2,data/entries/L2_food_biology/l2-trapping-snare-designs.md,"title 37 chars (max 25): ""Five Essential Snare and Trap Designs""",/home/eanhd/projects/field-node-firmware/data/entries/L2_food_biology/l2-trapping-snare-designs.md
2,data/entries/L2_nutrition/l2-nutrition-vitamin-c-sources.md,"title 37 chars (max 25): ""Vitamin C Sources & Scurvy Prevention""",/home/eanhd/projects/field-node-firmware/data/entries/L2_nutrition/l2-nutrition-vitamin-c-sources.md
2,data/entries/L3_materials_chemistry/l3-materials-clay-identification.md,"title 41 chars (max 25): ""Clay Identification & Testing for Potter""",/home/eanhd/projects/field-node-firmware/data/entries/L3_materials_chemistry/l3-materials-clay-identification.md
2,data/entries/L3_materials_chemistry/l3-materials-lime-cement-making.md,"title 46 chars (max 25): ""Lime & Cement Making — Mortar for Constr""",/home/eanhd/projects/field-node-firmware/data/entries/L3_materials_chemistry/l3-materials-lime-cement-making.md
2,data/entries/L3_materials_chemistry/l3-materials-natural-dyes.md,"title 54 chars (max 25): ""Natural Dyes from Plants — Coloring Fabr""",/home/eanhd/projects/field-node-firmware/data/entries/L3_materials_chemistry/l3-materials-natural-dyes.md
2,data/entries/L3_materials_chemistry/l3-materials-natural-fibers.md,"title 52 chars (max 25): ""Natural Fibers — Plant Fibers for Cordag""",/home/eanhd/projects/field-node-firmware/data/entries/L3_materials_chemistry/l3-materials-natural-fibers.md
2,data/entries/L3_materials_chemistry/l3-materials-rope-making.md,"title 50 chars (max 25): ""Rope Making — Field Cordage from Natural""",/home/eanhd/projects/field-node-firmware/data/entries/L3_materials_chemistry/l3-materials-rope-making.md
2,data/entries/L3_materials_chemistry/l3-materials-wood-properties-guide.md,"title 44 chars (max 25): ""Wood Properties — Selecting Wood by Use """,/home/eanhd/projects/field-node-firmware/data/entries/L3_materials_chemistry/l3-materials-wood-properties-guide.md
2,data/entries/L3_materials_chemistry/l3-metalwork-blacksmith-basics.md,"title 51 chars (max 25): ""Blacksmithing Basics — Forge, Anvil, Fir""",/home/eanhd/projects/field-node-firmware/data/entries/L3_materials_chemistry/l3-metalwork-blacksmith-basics.md
2,data/entries/L3_materials_elements/l3-chemistry-biodiesel-basics.md,"title 28 chars (max 25): ""Biodiesel from Vegetable Oil""",/home/eanhd/projects/field-node-firmware/data/entries/L3_materials_elements/l3-chemistry-biodiesel-basics.md
2,data/entries/L3_materials_elements/l3-chemistry-cement-basics.md,"title 30 chars (max 25): ""Lime Cement and Basic Concrete""",/home/eanhd/projects/field-node-firmware/data/entries/L3_materials_elements/l3-chemistry-cement-basics.md
2,data/entries/L3_materials_elements/l3-chemistry-ethanol-distillation.md,"title 42 chars (max 25): ""Ethanol Distillation — Fuel and Antisept""",/home/eanhd/projects/field-node-firmware/data/entries/L3_materials_elements/l3-chemistry-ethanol-distillation.md
2,data/entries/L3_materials_elements/l3-chemistry-glass-basics.md,"title 28 chars (max 25): ""Basic Glass Making from Sand""",/home/eanhd/projects/field-node-firmware/data/entries/L3_materials_elements/l3-chemistry-glass-basics.md
2,data/entries/L3_materials_elements/l3-chemistry-lye-from-ash.md,"title 28 chars (max 25): ""Making Lye from Hardwood Ash""",/home/eanhd/projects/field-node-firmware/data/entries/L3_materials_elements/l3-chemistry-lye-from-ash.md
2,data/entries/L3_materials_elements/l3-chemistry-natural-antibiotics.md,"title 37 chars (max 25): ""Evidence-Based Natural Antimicrobials""",/home/eanhd/projects/field-node-firmware/data/entries/L3_materials_elements/l3-chemistry-natural-antibiotics.md
2,data/entries/L3_materials_elements/l3-minerals-iron-ore-indicators.md,"title 34 chars (max 25): ""Field Indicators for Iron Deposits""",/home/eanhd/projects/field-node-firmware/data/entries/L3_materials_elements/l3-minerals-iron-ore-indicators.md
2,data/entries/L3_water/l3-water-well-pump-repair.md,"title 34 chars (max 25): ""Well Pump Repair & Troubleshooting""",/home/eanhd/projects/field-node-firmware/data/entries/L3_water/l3-water-well-pump-repair.md
